tempo_operacao_meses,tipo_conta,carga_media_diaria_horas,num_integracoes,pico_noturno,regiao_cluster,custo_mensal_infra
19,individual,8.7,0,sim,cluster_oeste,4947.78
18,corporativa,10.6,1,nao,cluster_sudeste,703.15
28,corporativa,10.3,3,nao,cluster_sudeste,1465.85
33,corporativa,7.1,0,nao,cluster_noroeste,6375.65
32,corporativa,9.0,0,nao,cluster_noroeste,1302.72
31,individual,8.0,0,nao,cluster_sudeste,1271.85
46,individual,10.4,1,nao,cluster_sudeste,2527.37
37,individual,8.7,3,nao,cluster_noroeste,2258.82
37,corporativa,9.3,2,nao,cluster_nordeste,2013.79
60,individual,8.1,0,nao,cluster_noroeste,8318.48
25,corporativa,8.2,0,nao,cluster_nordeste,981.97
62,individual,8.2,0,sim,cluster_sudeste,8006.44
23,corporativa,10.7,0,nao,cluster_oeste,731.52
56,individual,12.4,0,nao,cluster_sudeste,3325.4
27,corporativa,13.2,0,sim,cluster_sudeste,11311.29
19,corporativa,7.7,1,nao,cluster_oeste,734.43
52,individual,9.6,1,nao,cluster_nordeste,3243.25
23,corporativa,7.5,0,nao,cluster_nordeste,890.65
56,corporativa,12.6,0,nao,cluster_oeste,3188.67
30,corporativa,11.0,0,sim,cluster_oeste,10534.49
60,individual,11.3,0,nao,cluster_nordeste,3924.08
30,individual,10.1,1,nao,cluster_oeste,1381.93
18,corporativa,10.7,0,nao,cluster_sudeste,538.36
34,individual,10.0,1,sim,cluster_nordeste,10776.53
37,corporativa,8.8,2,nao,cluster_noroeste,1957.09
59,individual,8.7,3,nao,cluster_sudeste,4140.32
63,individual,7.2,0,nao,cluster_nordeste,4266.51
55,individual,10.2,2,nao,cluster_noroeste,3655.22
23,corporativa,5.4,1,nao,cluster_noroeste,997.05
31,corporativa,11.3,2,sim,cluster_oeste,11059.08
22,corporativa,11.1,0,sim,cluster_oeste,10183.96
18,individual,8.2,0,nao,cluster_nordeste,835.49
19,individual,8.9,5,nao,cluster_oeste,1532.58
63,corporativa,8.8,0,nao,cluster_noroeste,4075.63
28,corporativa,11.4,1,sim,cluster_oeste,14554.48
19,corporativa,6.4,0,nao,cluster_noroeste,675.12
62,individual,10.3,3,nao,cluster_noroeste,4591.41
26,corporativa,6.5,0,nao,cluster_oeste,864.64
35,corporativa,11.5,1,sim,cluster_nordeste,11356.8
60,corporativa,12.5,0,sim,cluster_oeste,13708.54
24,individual,8.3,0,nao,cluster_nordeste,1072.9
31,individual,11.4,2,nao,cluster_sudeste,1605.93
41,corporativa,6.8,1,nao,cluster_sudeste,1976.29
37,individual,9.6,2,nao,cluster_sudeste,1987.85
38,corporativa,11.6,1,nao,cluster_nordeste,1922.31
55,corporativa,11.7,0,nao,cluster_oeste,5996.48
18,individual,12.1,2,nao,cluster_nordeste,1170.14
28,individual,10.9,0,nao,cluster_noroeste,1215.94
60,individual,7.7,0,nao,cluster_sudeste,3756.37
36,corporativa,11.0,1,sim,cluster_sudeste,11058.57
18,individual,11.1,0,nao,cluster_nordeste,839.12
21,individual,10.5,2,nao,cluster_noroeste,1222.35
48,corporativa,8.8,1,sim,cluster_oeste,6819.12
36,corporativa,10.8,0,sim,cluster_sudeste,10787.92
40,individual,9.0,3,nao,cluster_noroeste,2476.71
58,corporativa,11.5,2,sim,cluster_noroeste,13519.02
58,individual,9.9,2,nao,cluster_nordeste,4030.06
18,corporativa,9.9,2,sim,cluster_sudeste,9824.89
53,individual,7.2,1,sim,cluster_sudeste,6728.54
34,individual,11.7,2,nao,cluster_noroeste,1897.07
43,corporativa,8.5,3,nao,cluster_nordeste,2629.74
25,corporativa,10.5,4,nao,cluster_sudeste,1481.31
64,corporativa,7.7,1,nao,cluster_noroeste,8666.65
28,individual,8.1,1,nao,cluster_noroeste,1377.42
20,individual,7.0,0,sim,cluster_noroeste,4339.29
19,individual,9.0,0,nao,cluster_oeste,708.1
61,individual,12.2,2,nao,cluster_oeste,4205.82
40,corporativa,8.2,1,nao,cluster_noroeste,2009.03
40,individual,11.3,0,nao,cluster_sudeste,1877.63
28,corporativa,7.5,3,sim,cluster_sudeste,5165.68
27,individual,7.7,0,sim,cluster_sudeste,4861.78
31,corporativa,8.9,5,nao,cluster_nordeste,2123.85
53,individual,8.8,3,nao,cluster_oeste,3507.68
58,corporativa,10.0,1,nao,cluster_sudeste,3565.06
44,corporativa,8.6,2,nao,cluster_oeste,2383.52
57,corporativa,10.6,0,nao,cluster_noroeste,3399.87
29,individual,9.2,1,nao,cluster_sudeste,1325.28
21,corporativa,11.1,0,nao,cluster_sudeste,649.09
22,individual,12.4,0,nao,cluster_nordeste,991.41
41,individual,10.3,0,nao,cluster_noroeste,2059.89
31,corporativa,8.4,1,nao,cluster_nordeste,1463.54
45,individual,12.0,0,nao,cluster_nordeste,2441.88
22,corporativa,11.8,1,sim,cluster_sudeste,10626.25
48,individual,12.9,4,nao,cluster_noroeste,3309.43
37,individual,10.9,2,sim,cluster_oeste,11374.23
45,corporativa,7.2,2,sim,cluster_noroeste,6127.6
57,individual,9.7,0,sim,cluster_noroeste,12422.1
56,individual,8.5,0,nao,cluster_oeste,3320.49
46,individual,8.7,0,nao,cluster_noroeste,2467.47
55,individual,8.4,0,nao,cluster_noroeste,3323.12
21,individual,12.3,0,nao,cluster_sudeste,787.55
53,individual,7.7,1,nao,cluster_noroeste,3283.8
59,corporativa,9.3,3,sim,cluster_nordeste,8671.78
35,corporativa,10.9,2,nao,cluster_noroeste,1824.12
64,individual,9.8,2,sim,cluster_oeste,13461.5
28,individual,11.8,1,nao,cluster_sudeste,1274.73
54,individual,9.6,3,nao,cluster_oeste,3609.49
55,corporativa,12.0,0,nao,cluster_sudeste,3083.36
56,corporativa,6.2,0,sim,cluster_nordeste,6495.54
38,corporativa,6.0,0,sim,cluster_oeste,4649.8
41,individual,9.9,0,nao,cluster_oeste,1952.12
30,corporativa,8.0,0,nao,cluster_nordeste,1240.63
18,individual,9.4,0,nao,cluster_nordeste,6196.56
61,individual,9.4,3,sim,cluster_sudeste,8883.81
34,individual,8.6,1,nao,cluster_oeste,1621.08
20,corporativa,8.8,1,sim,cluster_noroeste,5136.91
19,individual,8.9,1,nao,cluster_oeste,872.83
26,corporativa,9.6,2,nao,cluster_noroeste,1305.65
29,corporativa,8.7,0,nao,cluster_sudeste,1022.79
63,corporativa,11.0,0,sim,cluster_sudeste,13395.55
54,corporativa,10.5,1,nao,cluster_noroeste,3251.07
55,individual,9.3,2,nao,cluster_oeste,3546.78
37,corporativa,9.6,0,nao,cluster_oeste,1521.09
21,individual,11.2,0,nao,cluster_noroeste,893.33
52,corporativa,10.1,3,nao,cluster_nordeste,3436.73
60,corporativa,8.9,0,nao,cluster_nordeste,8692.8
58,corporativa,15.3,0,nao,cluster_sudeste,3406.77
29,individual,8.7,1,sim,cluster_sudeste,5570.18
49,individual,8.5,0,nao,cluster_sudeste,2628.37
37,individual,7.3,2,nao,cluster_noroeste,2092.2
44,corporativa,11.6,2,nao,cluster_oeste,2387.29
18,corporativa,7.4,0,nao,cluster_nordeste,697.57
20,individual,9.1,0,nao,cluster_noroeste,852.09
44,corporativa,9.8,1,sim,cluster_nordeste,11295.82
47,individual,10.6,3,nao,cluster_noroeste,3052.2
26,individual,9.0,0,nao,cluster_nordeste,1167.91
19,individual,8.8,0,sim,cluster_oeste,5002.7
52,individual,11.7,0,nao,cluster_oeste,2917.67
32,individual,5.6,2,sim,cluster_noroeste,9385.57
38,corporativa,10.8,2,nao,cluster_oeste,1923.07
59,individual,8.3,0,nao,cluster_nordeste,3808.32
61,individual,6.9,0,nao,cluster_nordeste,4032.58
53,individual,11.2,2,nao,cluster_oeste,3345.8
19,corporativa,8.0,0,nao,cluster_noroeste,677.12
20,individual,9.0,0,nao,cluster_nordeste,908.02
22,individual,8.8,0,nao,cluster_sudeste,823.59
19,corporativa,10.7,0,nao,cluster_oeste,573.2
22,corporativa,7.9,0,nao,cluster_noroeste,792.79
54,individual,10.0,3,nao,cluster_sudeste,7870.37
22,individual,11.2,0,nao,cluster_oeste,826.68
34,corporativa,7.0,2,nao,cluster_nordeste,7885.25
26,corporativa,10.2,1,nao,cluster_nordeste,1197.35
34,corporativa,7.9,2,sim,cluster_sudeste,5532.3
29,corporativa,9.3,2,nao,cluster_noroeste,5304.21
30,corporativa,9.0,3,sim,cluster_noroeste,6028.88
29,individual,12.1,3,nao,cluster_sudeste,1658.71
46,corporativa,9.5,3,sim,cluster_noroeste,11621.75
51,individual,11.8,1,nao,cluster_sudeste,2985.73
53,individual,11.7,1,nao,cluster_noroeste,3288.71
19,corporativa,8.9,1,nao,cluster_oeste,735.91
35,corporativa,7.5,1,nao,cluster_noroeste,1655.06
48,corporativa,9.3,0,nao,cluster_sudeste,2401.1
32,individual,11.6,3,nao,cluster_nordeste,1993.62
42,individual,7.3,0,sim,cluster_nordeste,5810.13
40,individual,8.0,1,nao,cluster_nordeste,2201.61
44,corporativa,12.4,0,nao,cluster_noroeste,2165.64
48,corporativa,7.6,0,sim,cluster_sudeste,6162.63
18,corporativa,7.9,0,sim,cluster_nordeste,4565.09
30,corporativa,11.1,0,sim,cluster_sudeste,10566.07
50,individual,8.7,3,nao,cluster_sudeste,5749.83
42,individual,8.3,0,sim,cluster_noroeste,6197.64
18,individual,11.5,0,sim,cluster_sudeste,10341.86
54,corporativa,12.4,1,nao,cluster_oeste,3146.15
32,individual,9.3,2,nao,cluster_oeste,1662.6
37,corporativa,9.3,0,nao,cluster_noroeste,1627.88
47,corporativa,8.8,4,nao,cluster_nordeste,3133.98
20,individual,11.6,5,nao,cluster_oeste,1572.58
32,individual,10.4,3,nao,cluster_noroeste,1936.06
19,individual,9.9,1,nao,cluster_noroeste,981.4
27,corporativa,5.9,3,nao,cluster_nordeste,1571.81
63,corporativa,13.0,0,nao,cluster_sudeste,3973.51
49,corporativa,9.5,0,nao,cluster_oeste,2492.67
18,corporativa,5.0,0,nao,cluster_nordeste,694.54
35,individual,10.9,1,nao,cluster_oeste,1688.89
24,individual,10.4,0,nao,cluster_noroeste,1019.52
63,individual,11.8,0,sim,cluster_oeste,13890.85
38,corporativa,8.7,2,nao,cluster_noroeste,2027.64
54,corporativa,9.1,1,nao,cluster_oeste,3142.11
46,individual,9.0,2,nao,cluster_oeste,2690.52
41,individual,10.4,3,nao,cluster_nordeste,2610.72
58,corporativa,8.9,0,nao,cluster_noroeste,3506.05
18,individual,12.0,0,nao,cluster_sudeste,676.91
22,corporativa,6.2,3,nao,cluster_nordeste,1341.52
44,individual,8.3,0,nao,cluster_noroeste,2297.45
44,corporativa,9.6,2,nao,cluster_sudeste,2384.8
36,corporativa,13.1,3,sim,cluster_nordeste,12470.93
26,individual,9.4,2,nao,cluster_sudeste,1334.95
30,individual,9.7,3,nao,cluster_oeste,1711.18
41,individual,10.1,1,nao,cluster_oeste,2117.27
29,individual,10.0,2,nao,cluster_noroeste,1598.42
61,corporativa,9.9,0,nao,cluster_sudeste,3736.13
36,individual,8.2,0,nao,cluster_oeste,1587.48
25,corporativa,8.0,0,nao,cluster_sudeste,818.54
56,individual,8.3,1,nao,cluster_noroeste,3592.42
18,corporativa,10.8,0,nao,cluster_sudeste,538.49
19,corporativa,9.6,0,nao,cluster_noroeste,679.08
39,individual,10.2,0,nao,cluster_oeste,1801.92
45,individual,8.9,2,nao,cluster_sudeste,2604.71
51,individual,5.6,0,nao,cluster_noroeste,2920.39
64,individual,12.3,0,nao,cluster_nordeste,4392.42
19,individual,10.0,0,nao,cluster_noroeste,816.59
48,individual,10.1,1,nao,cluster_sudeste,2703.92
60,individual,7.5,0,nao,cluster_noroeste,3863.42
27,individual,11.3,0,sim,cluster_sudeste,10617.49
46,corporativa,7.0,0,nao,cluster_oeste,2221.19
28,individual,9.0,1,nao,cluster_nordeste,1434.57
59,corporativa,8.2,0,nao,cluster_sudeste,3508.12
35,corporativa,8.7,2,sim,cluster_nordeste,6095.55
63,individual,9.9,0,nao,cluster_oeste,4106.67
40,corporativa,12.9,1,nao,cluster_nordeste,2070.83
20,corporativa,10.3,1,nao,cluster_oeste,774.42
40,corporativa,9.6,4,nao,cluster_noroeste,2505.56
24,corporativa,8.9,2,nao,cluster_noroeste,1210.56
34,individual,8.4,1,nao,cluster_sudeste,1620.78
45,individual,9.7,2,nao,cluster_oeste,2605.61
41,individual,11.6,2,nao,cluster_oeste,2284.1
53,individual,8.3,0,nao,cluster_noroeste,3119.58
27,corporativa,7.2,0,nao,cluster_sudeste,915.45
26,individual,9.4,1,nao,cluster_sudeste,1170.03
24,individual,7.3,0,nao,cluster_sudeste,7242.89
34,individual,10.5,1,nao,cluster_oeste,1623.49
53,individual,10.4,0,nao,cluster_nordeste,3178.17
32,corporativa,9.6,3,nao,cluster_oeste,1690.99
19,corporativa,10.9,0,sim,cluster_oeste,9958.29
42,corporativa,7.7,0,sim,cluster_sudeste,5684.35
55,corporativa,10.6,3,nao,cluster_sudeste,3576.41
28,corporativa,11.9,0,nao,cluster_sudeste,973.06
58,individual,13.1,0,nao,cluster_sudeste,7003.65
41,individual,9.9,1,nao,cluster_nordeste,2280.29
47,corporativa,8.0,2,nao,cluster_nordeste,2803.07
42,individual,11.3,1,nao,cluster_noroeste,2304.22
59,individual,8.7,3,nao,cluster_sudeste,4140.36
19,individual,5.6,0,nao,cluster_oeste,703.78
59,corporativa,8.6,1,nao,cluster_oeste,3673.47
39,corporativa,7.7,2,nao,cluster_noroeste,2098.85
40,individual,6.9,2,sim,cluster_sudeste,5664.39
18,individual,8.4,0,nao,cluster_sudeste,672.41
31,corporativa,12.0,2,nao,cluster_sudeste,1469.7
19,corporativa,9.1,0,sim,cluster_noroeste,5078.75
44,corporativa,11.9,1,nao,cluster_sudeste,2222.75
23,individual,11.5,2,sim,cluster_nordeste,11003.26
33,individual,6.9,1,nao,cluster_nordeste,1719.14
55,individual,8.4,1,nao,cluster_oeste,10064.84
40,corporativa,11.0,3,nao,cluster_oeste,2235.12
63,individual,8.7,0,sim,cluster_nordeste,8486.49
54,corporativa,9.4,0,nao,cluster_noroeste,7073.41
60,individual,11.9,0,nao,cluster_sudeste,3761.64
24,corporativa,11.2,0,nao,cluster_sudeste,776.34
19,corporativa,6.5,1,nao,cluster_oeste,732.99
29,corporativa,9.1,1,nao,cluster_nordeste,1351.36
18,corporativa,5.4,2,sim,cluster_nordeste,3812.25
63,individual,10.1,2,sim,cluster_oeste,13465.49
54,corporativa,10.7,2,sim,cluster_sudeste,12613.01
27,corporativa,9.5,3,nao,cluster_oeste,1413.01
50,corporativa,9.9,0,sim,cluster_nordeste,11727.21
55,individual,7.9,3,nao,cluster_nordeste,3873.25
56,corporativa,10.5,0,sim,cluster_noroeste,12517.93
38,individual,12.5,0,nao,cluster_sudeste,1732.27
51,corporativa,7.6,4,nao,cluster_noroeste,3445.63
19,corporativa,10.0,0,sim,cluster_noroeste,9670.08
58,individual,7.9,0,nao,cluster_oeste,3534.4
20,individual,8.4,1,sim,cluster_sudeste,5003.87
52,corporativa,7.6,3,sim,cluster_nordeste,7183.55
19,corporativa,11.5,0,sim,cluster_noroeste,10361.43
53,individual,11.9,3,nao,cluster_sudeste,5949.64
46,corporativa,13.2,3,sim,cluster_sudeste,13142.31
40,corporativa,6.2,1,sim,cluster_sudeste,5030.27
59,individual,10.1,3,nao,cluster_nordeste,4305.38
45,corporativa,9.4,1,nao,cluster_oeste,2303.49
49,corporativa,8.1,1,nao,cluster_nordeste,2819.09
18,corporativa,9.2,1,nao,cluster_sudeste,701.44
50,corporativa,10.7,2,sim,cluster_oeste,12219.91
41,corporativa,11.6,2,nao,cluster_noroeste,2254.4
50,corporativa,8.6,1,nao,cluster_nordeste,2912.95
25,corporativa,8.6,0,nao,cluster_noroeste,926.49
47,individual,8.3,2,nao,cluster_nordeste,2940.44
19,corporativa,6.4,2,nao,cluster_noroeste,1005.04
22,individual,7.6,0,nao,cluster_oeste,822.13
59,corporativa,9.9,2,nao,cluster_sudeste,3840.06
51,individual,6.7,1,nao,cluster_sudeste,2979.44
40,individual,8.8,1,sim,cluster_nordeste,6472.84
54,corporativa,12.7,3,sim,cluster_nordeste,13813.77
30,corporativa,8.6,1,nao,cluster_nordeste,1406.4
55,individual,10.1,1,nao,cluster_nordeste,3546.15
52,individual,9.8,0,nao,cluster_oeste,2915.26
46,corporativa,8.3,1,nao,cluster_sudeste,2387.79
46,individual,15.0,2,nao,cluster_nordeste,2861.22
63,individual,8.2,0,nao,cluster_noroeste,4211.73
59,individual,11.5,1,sim,cluster_nordeste,13631.1
52,corporativa,8.2,3,nao,cluster_sudeste,7497.99
28,individual,10.4,0,nao,cluster_oeste,1108.17
29,corporativa,9.3,1,nao,cluster_nordeste,5897.79
25,corporativa,14.2,2,sim,cluster_sudeste,12011.43
22,individual,9.0,0,nao,cluster_sudeste,823.89
25,corporativa,8.4,3,nao,cluster_oeste,1313.72
18,corporativa,7.2,0,nao,cluster_nordeste,697.28
19,corporativa,8.7,0,sim,cluster_oeste,4783.4
47,corporativa,7.9,1,sim,cluster_sudeste,6374.03
31,corporativa,10.7,3,sim,cluster_noroeste,11068.98
48,individual,9.0,1,nao,cluster_noroeste,2809.86
36,corporativa,8.6,3,nao,cluster_nordeste,2109.09
53,individual,7.1,3,sim,cluster_nordeste,7184.55
56,individual,11.7,2,nao,cluster_sudeste,3654.34
28,individual,10.3,2,nao,cluster_sudeste,1437.85
57,individual,11.9,2,nao,cluster_oeste,3760.94
29,corporativa,10.4,2,nao,cluster_noroeste,5663.86
28,individual,8.6,2,nao,cluster_oeste,5869.75
30,individual,10.4,1,nao,cluster_sudeste,1382.29
58,corporativa,10.9,0,nao,cluster_nordeste,3564.49
41,individual,10.3,2,nao,cluster_noroeste,2389.76
50,corporativa,8.3,0,nao,cluster_oeste,2584.45
19,individual,7.7,0,nao,cluster_oeste,706.47
43,corporativa,11.2,3,sim,cluster_sudeste,12014.86
49,corporativa,11.2,0,nao,cluster_sudeste,2494.83
27,individual,9.8,0,sim,cluster_oeste,9974.88
52,corporativa,10.4,0,nao,cluster_nordeste,2942.38
50,corporativa,10.1,0,nao,cluster_noroeste,2693.87
54,corporativa,10.2,0,nao,cluster_nordeste,3141.82
44,individual,8.6,0,nao,cluster_noroeste,2297.93
32,corporativa,11.7,1,nao,cluster_nordeste,1526.93
34,corporativa,7.9,1,nao,cluster_noroeste,1590.53
26,individual,9.3,4,nao,cluster_nordeste,7128.07
34,corporativa,9.6,0,sim,cluster_oeste,10157.66
57,corporativa,12.8,0,nao,cluster_nordeste,3458.56
29,corporativa,8.5,0,nao,cluster_oeste,1022.51
40,corporativa,10.7,1,nao,cluster_nordeste,2068.06
27,individual,7.3,1,nao,cluster_sudeste,1217.33
45,corporativa,11.4,2,sim,cluster_noroeste,12192.94
64,individual,10.6,1,sim,cluster_oeste,13639.85
52,corporativa,11.5,0,nao,cluster_oeste,2780.48
61,individual,11.4,1,sim,cluster_nordeste,13804.92
52,corporativa,8.5,0,sim,cluster_noroeste,7050.21
61,individual,9.7,0,nao,cluster_noroeste,3980.13
56,individual,9.0,0,nao,cluster_nordeste,3484.35
43,individual,11.2,2,nao,cluster_nordeste,5580.48
64,corporativa,10.8,0,nao,cluster_oeste,4090.38
60,corporativa,8.0,0,nao,cluster_sudeste,3619.92
62,corporativa,8.6,1,nao,cluster_noroeste,4122.55
50,corporativa,10.1,1,sim,cluster_nordeste,11957.35
46,individual,8.7,1,nao,cluster_sudeste,2525.14
24,individual,8.6,0,nao,cluster_oeste,5527.46
62,corporativa,9.4,0,nao,cluster_noroeste,3958.59
60,individual,8.6,0,nao,cluster_nordeste,3920.79
63,corporativa,11.5,0,nao,cluster_nordeste,4134.92
49,individual,13.0,4,nao,cluster_sudeste,3293.62
34,individual,9.1,3,nao,cluster_sudeste,1951.6
33,corporativa,11.2,2,nao,cluster_sudeste,1589.2
46,corporativa,10.4,1,nao,cluster_nordeste,2553.65
36,individual,9.4,1,nao,cluster_sudeste,1753.85
19,corporativa,8.7,0,nao,cluster_noroeste,678.01
57,individual,7.2,0,nao,cluster_noroeste,3532.57
50,individual,8.0,0,nao,cluster_oeste,2720.98
30,individual,8.7,0,nao,cluster_oeste,1215.18
33,corporativa,11.0,0,nao,cluster_nordeste,3693.37
18,individual,12.0,0,nao,cluster_sudeste,4177.25
46,corporativa,8.6,0,nao,cluster_oeste,7108.85
46,corporativa,13.7,3,nao,cluster_sudeste,2724.35
47,corporativa,9.3,3,nao,cluster_noroeste,2913.69
23,corporativa,13.1,0,nao,cluster_sudeste,734.44
18,individual,6.5,0,nao,cluster_sudeste,670.1
48,individual,10.1,2,nao,cluster_nordeste,3032.11
35,corporativa,9.5,1,nao,cluster_oeste,1550.3
19,individual,6.8,0,sim,cluster_oeste,4096.46
21,individual,8.2,1,nao,cluster_oeste,947.38
21,individual,6.8,2,nao,cluster_sudeste,1110.54
49,individual,9.6,1,nao,cluster_nordeste,2957.94
56,individual,10.1,3,nao,cluster_nordeste,3980.47
42,individual,7.8,2,nao,cluster_noroeste,2464.78
44,corporativa,10.0,2,nao,cluster_noroeste,2492.56
18,corporativa,9.5,3,nao,cluster_nordeste,1194.92
61,individual,6.6,0,nao,cluster_noroeste,3976.21
57,individual,6.9,0,nao,cluster_nordeste,3588.2
42,individual,10.4,1,nao,cluster_nordeste,2359.04
26,corporativa,10.3,2,sim,cluster_oeste,10323.86
20,corporativa,10.4,0,nao,cluster_sudeste,609.63
23,individual,8.8,0,sim,cluster_noroeste,5269.51
39,individual,7.8,3,sim,cluster_nordeste,6284.78
24,corporativa,12.5,0,sim,cluster_sudeste,10895.35
64,individual,9.4,3,nao,cluster_noroeste,4827.6
62,corporativa,9.8,1,nao,cluster_sudeste,7780.28
27,individual,5.6,2,sim,cluster_nordeste,4421.84
55,corporativa,9.6,0,sim,cluster_nordeste,12065.03
55,corporativa,10.3,0,nao,cluster_sudeste,6038.82
35,individual,13.5,2,nao,cluster_sudeste,1857.14
44,corporativa,6.9,2,nao,cluster_nordeste,2544.71
19,corporativa,10.7,0,nao,cluster_oeste,573.32
58,individual,12.2,0,nao,cluster_sudeste,3539.8
50,corporativa,7.9,2,nao,cluster_noroeste,8699.7
26,individual,7.1,0,nao,cluster_noroeste,1109.51
24,individual,9.4,3,nao,cluster_noroeste,1513.06
48,corporativa,11.1,4,nao,cluster_nordeste,3226.32
19,individual,11.7,0,nao,cluster_noroeste,818.66
48,corporativa,9.8,1,nao,cluster_nordeste,2729.94
49,corporativa,9.8,1,nao,cluster_nordeste,2821.24
46,individual,10.1,2,nao,cluster_nordeste,2855.08
46,corporativa,6.2,0,nao,cluster_noroeste,2327.48
43,individual,10.7,3,nao,cluster_oeste,2606.16
21,corporativa,9.7,0,nao,cluster_sudeste,4864.22
64,corporativa,8.0,2,nao,cluster_oeste,4416.76
18,individual,11.9,0,nao,cluster_sudeste,676.87
51,individual,6.4,0,nao,cluster_oeste,2814.14
47,corporativa,14.8,1,nao,cluster_sudeste,2483.5
64,individual,10.3,0,nao,cluster_noroeste,4333.95
49,corporativa,10.1,3,nao,cluster_noroeste,3095.45
31,corporativa,6.4,0,nao,cluster_oeste,1132.86
52,individual,12.0,2,nao,cluster_nordeste,3411.13
33,individual,7.6,0,nao,cluster_sudeste,1391.83
47,individual,7.4,1,nao,cluster_oeste,2611.11
38,corporativa,6.6,3,nao,cluster_sudeste,2082.71
32,corporativa,9.4,1,nao,cluster_sudeste,1360.85
19,corporativa,5.5,0,nao,cluster_noroeste,673.98
44,individual,6.3,1,sim,cluster_nordeste,5706.55
26,individual,5.4,2,sim,cluster_nordeste,4267.58
25,corporativa,7.5,5,nao,cluster_oeste,1642.43
19,individual,11.0,0,nao,cluster_noroeste,817.77
43,individual,11.1,1,nao,cluster_sudeste,2276.8
52,corporativa,10.7,0,nao,cluster_sudeste,2779.47
36,individual,7.1,2,sim,cluster_oeste,5430.31
64,corporativa,12.2,1,nao,cluster_sudeste,4257.12
63,individual,8.4,0,sim,cluster_noroeste,8326.13
64,corporativa,10.6,0,sim,cluster_sudeste,13348.99
61,corporativa,11.2,0,sim,cluster_sudeste,13267.75
40,corporativa,10.2,1,sim,cluster_nordeste,11175.09
25,corporativa,9.6,0,nao,cluster_nordeste,983.67
48,corporativa,9.4,2,nao,cluster_oeste,2731.13
45,corporativa,7.6,5,nao,cluster_sudeste,2960.88
38,individual,8.5,1,nao,cluster_nordeste,2055.42
18,individual,9.1,0,nao,cluster_nordeste,2270.65
21,individual,5.3,1,nao,cluster_nordeste,1106.89
27,individual,9.5,3,nao,cluster_noroeste,5485.33
19,corporativa,10.3,0,nao,cluster_oeste,6683.23
29,individual,6.3,2,nao,cluster_noroeste,1593.79
42,corporativa,8.4,0,nao,cluster_oeste,1891.52
60,individual,9.5,0,nao,cluster_oeste,3758.69
31,corporativa,8.9,1,nao,cluster_noroeste,1408.21
60,corporativa,10.3,3,nao,cluster_sudeste,4117.55
22,corporativa,9.9,0,nao,cluster_nordeste,851.34
35,corporativa,9.0,3,nao,cluster_oeste,1879.52
52,individual,14.6,5,nao,cluster_sudeste,3745.91
26,corporativa,9.2,0,nao,cluster_nordeste,1031.25
31,individual,10.2,1,nao,cluster_noroeste,1546.72
33,individual,10.5,0,sim,cluster_oeste,10602.22
18,corporativa,13.4,0,nao,cluster_sudeste,541.83
59,individual,11.4,1,nao,cluster_sudeste,8140.61
56,corporativa,8.3,1,sim,cluster_noroeste,7530.61
45,individual,10.3,0,nao,cluster_oeste,2276.62
60,corporativa,9.3,0,nao,cluster_nordeste,3784.68
56,individual,8.0,0,nao,cluster_noroeste,3427.13
40,individual,9.2,0,nao,cluster_oeste,1875.06
35,corporativa,12.1,1,nao,cluster_oeste,1553.45
39,corporativa,9.2,4,nao,cluster_oeste,2323.43
30,corporativa,7.5,1,nao,cluster_noroeste,1349.03
24,corporativa,7.3,0,nao,cluster_oeste,771.49
20,corporativa,9.3,0,nao,cluster_noroeste,715.47
32,corporativa,14.5,2,nao,cluster_sudeste,1532.19
59,corporativa,11.7,0,nao,cluster_oeste,6323.16
55,individual,9.4,2,nao,cluster_sudeste,3546.95
57,individual,9.5,0,nao,cluster_noroeste,3535.42
56,corporativa,12.4,0,nao,cluster_oeste,3188.4
40,individual,10.3,3,nao,cluster_sudeste,2371.15
49,individual,11.4,3,nao,cluster_sudeste,3126.81
42,corporativa,9.4,0,sim,cluster_oeste,6420.33
62,individual,11.9,2,nao,cluster_nordeste,4484.49
56,corporativa,8.1,0,nao,cluster_nordeste,3346.32
19,corporativa,7.9,0,nao,cluster_noroeste,676.97
30,individual,8.9,1,sim,cluster_sudeste,5686.15
60,individual,9.0,1,nao,cluster_oeste,3922.91
56,individual,10.6,2,nao,cluster_noroeste,3760.15
28,individual,7.6,1,nao,cluster_nordeste,6740.9
18,individual,7.5,1,nao,cluster_sudeste,836.31
27,corporativa,10.2,0,nao,cluster_sudeste,919.17
18,individual,9.4,0,nao,cluster_nordeste,836.97
19,individual,9.3,0,nao,cluster_oeste,708.45
47,individual,10.4,0,nao,cluster_nordeste,6066.06
54,corporativa,7.8,3,sim,cluster_oeste,7327.04
61,corporativa,8.8,1,sim,cluster_noroeste,8303.23
24,corporativa,8.9,0,sim,cluster_nordeste,10061.31
25,corporativa,11.1,0,nao,cluster_noroeste,929.63
21,corporativa,11.5,0,nao,cluster_sudeste,649.61
23,corporativa,10.2,0,nao,cluster_sudeste,730.8
63,corporativa,12.9,3,nao,cluster_noroeste,4575.45
49,corporativa,11.7,2,nao,cluster_sudeste,2825.32
18,individual,9.8,0,nao,cluster_sudeste,674.21
51,individual,12.3,1,nao,cluster_oeste,2986.42
48,corporativa,10.7,3,nao,cluster_oeste,2897.65
31,individual,9.7,0,nao,cluster_nordeste,1437.17
54,individual,6.7,3,nao,cluster_noroeste,3713.1
19,corporativa,9.0,0,nao,cluster_oeste,571.1
44,individual,11.9,0,sim,cluster_sudeste,13907.84
53,corporativa,9.7,1,nao,cluster_noroeste,3149.35
19,individual,10.3,0,nao,cluster_oeste,709.66
61,individual,7.8,0,nao,cluster_sudeste,7083.67
18,individual,7.8,0,nao,cluster_nordeste,835.01
61,corporativa,13.6,0,nao,cluster_oeste,3740.73
21,corporativa,8.0,4,sim,cluster_oeste,5243.79
20,corporativa,8.7,0,nao,cluster_nordeste,770.77
31,individual,7.4,2,nao,cluster_oeste,1600.86
45,corporativa,9.0,2,nao,cluster_oeste,2467.83
44,individual,7.5,2,nao,cluster_sudeste,2519.11
62,individual,12.2,0,nao,cluster_oeste,3991.84
29,corporativa,10.7,0,sim,cluster_oeste,10355.36
43,corporativa,8.1,0,nao,cluster_nordeste,2134.46
51,corporativa,7.3,1,sim,cluster_sudeste,6441.07
19,corporativa,9.5,0,sim,cluster_sudeste,9333.54
38,individual,9.0,1,nao,cluster_sudeste,1892.83
37,corporativa,9.6,3,nao,cluster_noroeste,2123.12
22,corporativa,9.8,1,nao,cluster_noroeste,960.12
21,corporativa,7.4,2,nao,cluster_noroeste,1081.59
24,individual,7.9,0,nao,cluster_nordeste,1072.38
57,individual,9.0,0,nao,cluster_oeste,3427.48
56,corporativa,10.0,1,nao,cluster_nordeste,3513.64
27,corporativa,10.5,0,nao,cluster_sudeste,919.56
51,corporativa,7.0,0,nao,cluster_nordeste,2841.17
19,corporativa,9.5,0,nao,cluster_oeste,571.76
39,corporativa,8.8,1,sim,cluster_oeste,6123.0
58,corporativa,11.2,0,nao,cluster_oeste,3401.57
20,corporativa,11.0,1,nao,cluster_sudeste,7982.8
45,corporativa,9.5,2,nao,cluster_noroeste,2575.77
35,individual,9.7,1,nao,cluster_oeste,1687.41
31,corporativa,9.6,0,nao,cluster_nordeste,1300.17
50,individual,8.5,0,nao,cluster_nordeste,7403.84
32,individual,13.8,0,nao,cluster_sudeste,1338.37
51,individual,10.6,0,nao,cluster_nordeste,2982.57
38,individual,11.8,0,nao,cluster_sudeste,1731.33
42,corporativa,8.1,1,sim,cluster_sudeste,10928.77
18,individual,10.6,0,nao,cluster_sudeste,3435.14
19,individual,9.6,2,nao,cluster_noroeste,6956.71
51,individual,8.1,1,nao,cluster_oeste,2981.09
46,corporativa,12.3,1,nao,cluster_nordeste,2556.01
18,corporativa,8.0,0,nao,cluster_nordeste,698.24
57,corporativa,13.2,1,sim,cluster_sudeste,13849.14
62,individual,9.9,0,nao,cluster_nordeste,4152.17
59,corporativa,9.3,2,nao,cluster_sudeste,3839.25
37,corporativa,11.3,0,nao,cluster_sudeste,5600.12
64,corporativa,12.6,0,nao,cluster_sudeste,4092.71
38,corporativa,8.8,1,nao,cluster_nordeste,1918.8
33,individual,12.2,3,nao,cluster_oeste,1892.27
46,individual,9.4,2,nao,cluster_oeste,2691.02
46,individual,8.8,1,nao,cluster_sudeste,2525.27
53,corporativa,9.8,0,nao,cluster_sudeste,7876.89
34,individual,11.9,3,nao,cluster_oeste,1955.01
20,individual,9.9,2,nao,cluster_sudeste,1075.79
63,individual,11.3,0,nao,cluster_sudeste,4108.42
54,individual,14.8,0,sim,cluster_sudeste,18075.72
54,corporativa,9.4,0,nao,cluster_noroeste,3084.82
49,corporativa,8.1,2,sim,cluster_noroeste,6886.03
28,corporativa,11.1,0,nao,cluster_nordeste,1135.28
54,individual,14.6,2,nao,cluster_oeste,3450.76
25,individual,8.9,0,nao,cluster_nordeste,1119.81
43,individual,14.4,0,sim,cluster_sudeste,13061.7
63,corporativa,9.6,0,nao,cluster_oeste,3969.36
32,individual,9.0,0,nao,cluster_sudeste,1332.42
62,corporativa,6.7,0,nao,cluster_oeste,3847.99
52,individual,9.9,2,nao,cluster_noroeste,3352.54
25,individual,12.9,0,nao,cluster_nordeste,5226.09
28,corporativa,7.4,2,nao,cluster_oeste,1297.35
46,corporativa,10.4,1,nao,cluster_nordeste,2553.69
34,corporativa,10.7,0,nao,cluster_sudeste,1321.85
35,individual,10.7,3,sim,cluster_noroeste,11415.36
19,corporativa,11.1,0,nao,cluster_noroeste,681.0
46,individual,6.2,2,nao,cluster_noroeste,2794.27
54,individual,10.2,0,nao,cluster_nordeste,3278.7
27,corporativa,9.5,0,nao,cluster_oeste,918.33
50,corporativa,14.0,1,nao,cluster_sudeste,2756.44
18,individual,10.0,2,nao,cluster_sudeste,1004.35
19,individual,9.5,0,nao,cluster_noroeste,815.96
38,individual,12.7,1,nao,cluster_noroeste,2004.6
41,corporativa,9.6,2,nao,cluster_noroeste,2251.88
49,individual,10.0,5,nao,cluster_oeste,3454.81
48,corporativa,12.7,2,sim,cluster_noroeste,13016.57
31,individual,9.1,0,nao,cluster_oeste,1273.16
18,individual,11.7,1,nao,cluster_sudeste,841.44
30,individual,13.5,2,nao,cluster_sudeste,1551.02
62,individual,11.5,1,nao,cluster_nordeste,9073.6
57,individual,10.7,2,nao,cluster_nordeste,3922.74
58,individual,8.5,0,nao,cluster_noroeste,3642.41
22,corporativa,8.4,0,nao,cluster_sudeste,686.2
31,individual,11.9,1,sim,cluster_nordeste,16619.9
52,corporativa,9.4,1,nao,cluster_oeste,2942.87
25,individual,7.3,0,nao,cluster_nordeste,1117.82
59,corporativa,8.0,1,nao,cluster_nordeste,3835.92
19,corporativa,9.6,0,nao,cluster_noroeste,679.08
39,corporativa,14.2,2,nao,cluster_sudeste,1999.76
32,individual,7.4,1,nao,cluster_sudeste,5155.35
19,corporativa,6.5,0,nao,cluster_oeste,567.99
33,individual,8.8,1,nao,cluster_sudeste,1558.29
21,corporativa,6.3,3,nao,cluster_nordeste,1301.14
34,individual,9.4,1,sim,cluster_noroeste,12524.29
61,individual,11.2,0,nao,cluster_nordeste,4037.98
38,individual,9.6,1,nao,cluster_sudeste,1893.51
58,individual,9.1,0,nao,cluster_oeste,3535.88
47,corporativa,6.1,1,nao,cluster_noroeste,2579.86
20,corporativa,9.7,2,nao,cluster_sudeste,938.61
21,individual,6.8,1,sim,cluster_nordeste,4520.55
41,corporativa,12.6,0,nao,cluster_sudeste,1818.57
46,individual,10.5,1,nao,cluster_nordeste,2690.72
42,individual,9.2,2,nao,cluster_sudeste,2359.29
34,individual,10.4,1,nao,cluster_nordeste,1786.56
43,corporativa,10.2,2,nao,cluster_oeste,2303.62
52,individual,11.7,2,nao,cluster_noroeste,9592.15
18,individual,12.2,0,nao,cluster_sudeste,677.25
51,corporativa,9.9,0,nao,cluster_noroeste,2788.76
56,individual,7.9,0,nao,cluster_oeste,3319.75
64,individual,12.2,3,nao,cluster_sudeste,4723.84
19,individual,8.8,0,sim,cluster_noroeste,5111.32
51,individual,10.7,0,nao,cluster_sudeste,2819.4
27,individual,7.9,0,nao,cluster_nordeste,1216.41
59,individual,7.4,0,sim,cluster_noroeste,7410.06
28,corporativa,8.4,2,nao,cluster_nordeste,1461.83
30,corporativa,11.8,2,sim,cluster_oeste,11207.6
47,individual,9.2,1,nao,cluster_sudeste,2613.35
38,individual,10.9,2,nao,cluster_oeste,2060.03
18,individual,10.4,0,nao,cluster_nordeste,838.16
34,individual,5.9,3,nao,cluster_nordeste,2110.85
20,individual,10.3,0,nao,cluster_sudeste,746.42
47,individual,11.4,1,sim,cluster_sudeste,12251.56
56,individual,8.9,0,nao,cluster_nordeste,3484.27
49,corporativa,8.0,2,sim,cluster_oeste,6745.83
19,individual,10.3,0,sim,cluster_sudeste,9863.16
55,individual,11.6,0,nao,cluster_oeste,3219.82
30,corporativa,9.8,1,nao,cluster_oeste,1244.62
37,corporativa,10.7,4,sim,cluster_oeste,11471.03
49,individual,6.7,1,nao,cluster_oeste,2791.01
18,corporativa,10.5,0,sim,cluster_nordeste,9913.0
59,corporativa,9.0,0,nao,cluster_noroeste,3616.29
29,individual,8.1,0,nao,cluster_noroeste,1266.21
36,corporativa,9.0,3,nao,cluster_nordeste,2109.61
33,corporativa,13.3,1,nao,cluster_sudeste,3391.48
58,corporativa,11.9,0,nao,cluster_oeste,3402.47
44,individual,12.2,0,sim,cluster_noroeste,12255.37
53,corporativa,11.3,1,nao,cluster_oeste,3044.04
24,corporativa,9.2,0,nao,cluster_oeste,773.79
29,individual,11.1,0,nao,cluster_sudeste,1162.67
40,corporativa,7.1,2,nao,cluster_nordeste,2228.54
51,corporativa,12.4,1,nao,cluster_oeste,2849.58
64,corporativa,11.9,0,nao,cluster_nordeste,4255.06
19,individual,7.7,1,nao,cluster_noroeste,978.55
35,individual,11.9,2,nao,cluster_nordeste,7196.21
39,corporativa,8.3,0,sim,cluster_nordeste,5861.81
56,corporativa,10.5,4,nao,cluster_sudeste,3845.76
33,corporativa,13.2,5,nao,cluster_oeste,2086.55
42,corporativa,8.8,3,sim,cluster_noroeste,9400.49
61,corporativa,10.6,0,nao,cluster_nordeste,3900.28
23,individual,10.9,3,nao,cluster_noroeste,1470.65
43,corporativa,11.0,2,nao,cluster_sudeste,5485.72
48,corporativa,9.6,3,nao,cluster_nordeste,3059.52
39,corporativa,8.2,1,nao,cluster_noroeste,1934.6
40,individual,7.3,3,nao,cluster_nordeste,2530.64
18,corporativa,8.9,0,nao,cluster_nordeste,699.42
58,individual,10.3,0,nao,cluster_nordeste,3700.67
49,individual,13.3,2,nao,cluster_sudeste,2964.25
53,individual,12.4,1,nao,cluster_sudeste,3182.32
48,individual,9.7,0,nao,cluster_sudeste,2538.57
45,individual,11.3,2,nao,cluster_sudeste,2607.71
59,individual,11.0,0,nao,cluster_sudeste,3648.47
52,individual,7.9,2,sim,cluster_sudeste,7126.88
26,individual,13.2,1,nao,cluster_oeste,1174.89
27,corporativa,10.4,2,nao,cluster_noroeste,1356.44
48,individual,11.2,1,nao,cluster_nordeste,7609.83
57,individual,9.0,4,nao,cluster_nordeste,4250.43
37,corporativa,14.5,3,nao,cluster_sudeste,2021.97
57,individual,7.5,1,nao,cluster_sudeste,6433.88
32,individual,9.9,1,nao,cluster_nordeste,1661.59
18,corporativa,10.5,0,nao,cluster_sudeste,538.19
64,individual,7.2,0,sim,cluster_sudeste,7790.62
43,corporativa,11.9,2,sim,cluster_sudeste,12136.92
49,corporativa,9.0,1,nao,cluster_oeste,2656.97
40,individual,10.2,2,sim,cluster_noroeste,11420.93
62,corporativa,10.0,0,sim,cluster_nordeste,13018.86
40,individual,9.3,1,nao,cluster_sudeste,2040.07
30,corporativa,9.9,3,nao,cluster_sudeste,1574.52
29,individual,9.7,0,nao,cluster_nordeste,1324.21
36,corporativa,9.3,0,nao,cluster_sudeste,1451.92
41,individual,9.7,0,nao,cluster_sudeste,1951.89
44,individual,13.7,2,sim,cluster_sudeste,13156.28
45,corporativa,6.7,0,nao,cluster_noroeste,2242.38
55,individual,12.8,3,nao,cluster_sudeste,3716.02
60,corporativa,9.8,3,sim,cluster_noroeste,13136.55
56,corporativa,11.3,3,nao,cluster_oeste,3681.79
49,individual,7.2,2,nao,cluster_noroeste,3063.9
21,individual,5.4,1,nao,cluster_oeste,943.88
19,corporativa,6.3,0,nao,cluster_oeste,567.83
39,corporativa,11.0,2,sim,cluster_oeste,11449.09
53,corporativa,7.6,0,nao,cluster_noroeste,2981.77
33,individual,5.8,1,nao,cluster_oeste,1554.49
53,corporativa,8.3,2,nao,cluster_nordeste,3368.43
42,corporativa,8.2,2,nao,cluster_nordeste,2384.3
40,corporativa,13.0,0,nao,cluster_sudeste,1742.85
47,individual,7.5,1,nao,cluster_oeste,7566.24
27,corporativa,9.7,1,sim,cluster_sudeste,9965.81
21,corporativa,8.5,0,nao,cluster_nordeste,809.15
47,corporativa,11.3,1,nao,cluster_oeste,2479.09
20,corporativa,10.1,1,nao,cluster_noroeste,881.42
24,corporativa,7.4,0,nao,cluster_noroeste,878.83
27,individual,10.9,1,nao,cluster_oeste,1221.84
26,individual,12.6,0,nao,cluster_noroeste,1116.35
53,individual,10.1,2,nao,cluster_nordeste,8392.22
41,corporativa,11.2,1,sim,cluster_sudeste,11496.62
56,corporativa,10.5,0,nao,cluster_noroeste,3293.35
23,individual,12.3,2,nao,cluster_sudeste,1200.17
21,individual,10.9,0,nao,cluster_sudeste,785.75
50,individual,14.0,0,nao,cluster_nordeste,2891.67
53,corporativa,13.0,0,nao,cluster_sudeste,2881.21
34,individual,8.3,1,nao,cluster_noroeste,1727.89
47,individual,9.2,1,nao,cluster_noroeste,2720.66
33,individual,10.3,2,nao,cluster_oeste,1725.01
51,individual,11.9,0,sim,cluster_sudeste,12652.11
49,corporativa,9.0,3,nao,cluster_noroeste,3094.04
31,individual,9.5,3,nao,cluster_nordeste,1931.7
36,individual,8.7,0,nao,cluster_nordeste,1751.32
18,corporativa,11.0,1,nao,cluster_sudeste,703.71
50,individual,7.4,2,nao,cluster_sudeste,3050.02
43,individual,9.6,2,nao,cluster_noroeste,2547.03
20,corporativa,12.6,0,nao,cluster_nordeste,775.65
24,individual,7.1,0,nao,cluster_oeste,908.1
60,corporativa,9.0,0,nao,cluster_oeste,3621.15
49,individual,7.1,1,nao,cluster_noroeste,2898.76
60,corporativa,7.6,1,nao,cluster_noroeste,3891.53
51,individual,11.5,2,nao,cluster_noroeste,3257.48
58,individual,10.4,0,nao,cluster_noroeste,3644.85
51,individual,12.7,0,nao,cluster_nordeste,2985.19
53,corporativa,11.4,3,nao,cluster_oeste,3374.07
62,corporativa,11.7,0,nao,cluster_oeste,3854.22
19,corporativa,11.1,0,nao,cluster_oeste,573.71
50,individual,8.5,1,nao,cluster_nordeste,3049.72
30,individual,12.2,3,sim,cluster_sudeste,11681.08
41,corporativa,8.9,1,nao,cluster_noroeste,2086.11
29,individual,6.8,1,sim,cluster_nordeste,4884.16
18,individual,12.6,0,nao,cluster_nordeste,840.93
41,individual,11.3,1,nao,cluster_sudeste,2118.78
35,corporativa,7.6,3,sim,cluster_sudeste,5641.36
53,corporativa,6.7,1,nao,cluster_oeste,3038.32
24,individual,9.4,3,nao,cluster_oeste,1405.78
48,individual,8.5,1,nao,cluster_nordeste,2865.23
59,individual,10.0,3,nao,cluster_oeste,4142.02
49,individual,10.9,1,nao,cluster_noroeste,2903.49
37,individual,12.0,0,sim,cluster_sudeste,11537.33
26,corporativa,7.4,2,nao,cluster_oeste,1195.61
23,corporativa,9.9,3,sim,cluster_nordeste,10352.95
29,corporativa,11.1,2,sim,cluster_oeste,12703.93
45,corporativa,7.5,2,nao,cluster_nordeste,2629.26
27,corporativa,9.1,0,sim,cluster_sudeste,5329.02
53,corporativa,10.7,0,sim,cluster_nordeste,12331.24
31,individual,8.3,0,nao,cluster_sudeste,1272.2
50,corporativa,8.3,0,nao,cluster_noroeste,2691.62
50,individual,9.4,1,nao,cluster_noroeste,2994.9
34,corporativa,8.4,2,nao,cluster_oeste,3506.6
19,corporativa,6.8,0,nao,cluster_noroeste,675.64
47,individual,11.2,1,nao,cluster_oeste,2615.93
28,corporativa,9.6,0,nao,cluster_noroeste,1077.5
37,individual,8.2,0,sim,cluster_sudeste,5690.99
21,corporativa,9.1,0,nao,cluster_noroeste,753.78
64,corporativa,11.8,0,nao,cluster_noroeste,4198.95
58,individual,7.1,0,nao,cluster_sudeste,3533.46
24,corporativa,10.5,4,nao,cluster_nordeste,5015.96
31,corporativa,8.6,2,nao,cluster_nordeste,1628.76
39,individual,7.1,3,nao,cluster_nordeste,2456.03
47,individual,8.7,0,sim,cluster_sudeste,6678.32
30,corporativa,11.7,3,nao,cluster_nordeste,1740.04
18,corporativa,11.9,0,sim,cluster_sudeste,10386.18
22,individual,10.8,2,nao,cluster_nordeste,1319.21
23,corporativa,11.0,1,nao,cluster_oeste,896.75
33,corporativa,8.5,1,sim,cluster_oeste,5551.45
27,corporativa,8.1,0,nao,cluster_nordeste,1079.83
45,individual,7.9,2,nao,cluster_nordeste,2766.62
57,individual,9.9,0,nao,cluster_noroeste,3535.93
47,corporativa,10.1,1,nao,cluster_oeste,2477.57
42,individual,9.1,1,nao,cluster_oeste,2194.18
64,individual,12.4,0,nao,cluster_oeste,4229.33
38,individual,6.1,2,nao,cluster_noroeste,2161.31
61,corporativa,11.3,3,nao,cluster_oeste,8043.56
53,individual,8.3,2,nao,cluster_oeste,3342.22
44,individual,11.4,0,nao,cluster_nordeste,3803.22
19,individual,9.0,0,sim,cluster_noroeste,5189.58
41,corporativa,10.7,2,nao,cluster_noroeste,2253.29
51,corporativa,10.4,3,nao,cluster_sudeste,3176.94
40,corporativa,10.1,2,nao,cluster_noroeste,2176.28
45,corporativa,12.4,0,nao,cluster_nordeste,2305.55
35,corporativa,10.7,3,nao,cluster_sudeste,1881.63
53,corporativa,9.0,0,nao,cluster_noroeste,2983.55
30,corporativa,7.6,3,sim,cluster_oeste,5332.58
18,corporativa,12.9,0,nao,cluster_sudeste,541.1
51,corporativa,11.2,1,nao,cluster_sudeste,2848.13
50,individual,8.6,1,sim,cluster_oeste,7085.67
31,individual,9.1,1,nao,cluster_sudeste,1438.14
35,individual,8.7,3,nao,cluster_oeste,2015.97
60,corporativa,11.5,0,nao,cluster_nordeste,3787.53
21,corporativa,11.5,0,nao,cluster_noroeste,756.85
29,corporativa,7.0,3,nao,cluster_nordeste,1678.68
62,individual,9.4,0,nao,cluster_sudeste,3988.23
39,individual,13.1,0,nao,cluster_sudeste,1805.42
19,corporativa,8.6,0,nao,cluster_oeste,570.67
22,individual,7.2,0,nao,cluster_nordeste,984.94
53,corporativa,6.5,0,sim,cluster_sudeste,6154.83
39,individual,10.0,2,nao,cluster_noroeste,2238.66
27,corporativa,8.9,0,sim,cluster_noroeste,5347.01
30,corporativa,13.8,2,nao,cluster_sudeste,1414.53
30,individual,7.2,1,nao,cluster_nordeste,1541.47
58,individual,10.3,0,nao,cluster_oeste,3537.48
33,corporativa,7.7,0,sim,cluster_nordeste,5233.27
42,individual,8.2,1,nao,cluster_sudeste,2193.08
64,individual,11.2,0,nao,cluster_sudeste,4227.88
21,corporativa,7.0,1,nao,cluster_oeste,808.86
18,individual,13.2,0,sim,cluster_sudeste,11081.95
23,corporativa,8.3,0,nao,cluster_sudeste,728.45
45,individual,11.2,0,nao,cluster_noroeste,2384.92
40,individual,12.9,1,nao,cluster_noroeste,8193.49
19,individual,11.4,0,nao,cluster_noroeste,818.33
18,corporativa,9.4,0,nao,cluster_sudeste,536.82
25,corporativa,8.1,1,nao,cluster_nordeste,1146.74
46,individual,9.6,3,nao,cluster_oeste,2856.18
33,individual,13.4,3,nao,cluster_noroeste,2001.08
54,corporativa,6.6,2,nao,cluster_sudeste,3303.84
28,corporativa,7.0,2,nao,cluster_nordeste,1460.09
36,corporativa,10.8,2,nao,cluster_sudeste,1783.61
20,individual,9.8,0,nao,cluster_sudeste,745.82
24,individual,7.6,0,nao,cluster_noroeste,1015.97
23,corporativa,11.6,3,nao,cluster_oeste,1227.33
47,individual,8.2,1,sim,cluster_nordeste,6772.37
33,individual,11.1,0,sim,cluster_noroeste,15657.91
45,corporativa,10.5,1,nao,cluster_oeste,2304.86
26,corporativa,5.5,0,nao,cluster_noroeste,970.67
18,individual,9.7,0,nao,cluster_sudeste,674.13
44,individual,9.3,2,nao,cluster_sudeste,2521.38
60,corporativa,7.6,0,nao,cluster_noroeste,3726.61
64,individual,9.9,2,nao,cluster_nordeste,4719.34
56,corporativa,9.9,2,sim,cluster_sudeste,12487.88
36,corporativa,8.8,1,sim,cluster_nordeste,6036.62
41,corporativa,9.6,3,sim,cluster_nordeste,11307.27
39,corporativa,6.8,1,nao,cluster_noroeste,1932.9
63,corporativa,10.3,0,nao,cluster_oeste,3970.25
36,individual,8.1,0,nao,cluster_noroeste,1694.58
28,individual,7.5,2,nao,cluster_noroeste,1541.53
58,corporativa,10.7,0,nao,cluster_noroeste,3508.3
36,corporativa,10.6,1,nao,cluster_noroeste,1725.69
42,corporativa,11.2,2,nao,cluster_sudeste,2224.89
36,corporativa,9.8,0,nao,cluster_oeste,1452.63
56,individual,8.8,0,nao,cluster_nordeste,3484.16
35,individual,7.3,2,nao,cluster_nordeste,2012.64
59,individual,9.8,0,nao,cluster_noroeste,3754.21
21,corporativa,9.7,0,nao,cluster_oeste,647.37
59,corporativa,7.7,0,nao,cluster_nordeste,3670.7
23,individual,10.2,2,sim,cluster_sudeste,10305.88
57,individual,9.3,0,sim,cluster_sudeste,7929.5
53,corporativa,9.5,0,nao,cluster_nordeste,3040.18
60,individual,10.1,0,sim,cluster_sudeste,12822.51
51,individual,10.7,1,nao,cluster_oeste,2984.36
23,corporativa,15.7,1,nao,cluster_sudeste,902.66
27,individual,7.5,0,nao,cluster_oeste,1052.76
55,corporativa,10.2,0,nao,cluster_noroeste,3188.46
37,individual,9.6,0,sim,cluster_nordeste,10655.64
61,corporativa,10.1,2,nao,cluster_noroeste,4173.49
46,individual,11.1,0,sim,cluster_nordeste,12011.27
53,individual,7.4,2,nao,cluster_nordeste,3504.31
49,individual,7.5,3,sim,cluster_nordeste,6969.94
20,individual,9.2,0,nao,cluster_oeste,745.1
48,individual,10.3,0,sim,cluster_sudeste,11692.77
25,corporativa,7.5,0,sim,cluster_noroeste,4649.04
25,individual,10.1,1,nao,cluster_sudeste,5321.09
57,corporativa,8.8,0,nao,cluster_oeste,3290.32
37,individual,14.9,2,sim,cluster_oeste,13131.78
38,individual,8.8,3,nao,cluster_oeste,2222.31
55,individual,10.5,2,nao,cluster_noroeste,3655.51
36,individual,6.2,0,nao,cluster_nordeste,1748.25
51,corporativa,7.9,0,nao,cluster_oeste,2679.09
40,corporativa,9.3,2,nao,cluster_oeste,2068.1
18,corporativa,11.7,0,nao,cluster_sudeste,539.6
57,corporativa,13.7,1,nao,cluster_oeste,3461.32
61,corporativa,7.4,0,nao,cluster_nordeste,3896.29
25,individual,7.6,3,nao,cluster_oeste,1449.66
50,corporativa,11.3,0,nao,cluster_oeste,2588.19
26,individual,9.2,1,nao,cluster_sudeste,1169.86
42,corporativa,7.8,0,nao,cluster_sudeste,1890.73
43,corporativa,9.4,1,nao,cluster_oeste,2137.73
44,corporativa,6.8,3,nao,cluster_nordeste,2709.52
23,individual,8.8,0,nao,cluster_noroeste,973.23
49,individual,8.5,1,nao,cluster_oeste,7539.3
33,corporativa,10.4,5,nao,cluster_sudeste,2083.06
41,corporativa,9.0,1,nao,cluster_oeste,1979.03
37,individual,9.2,2,nao,cluster_oeste,1987.35
22,corporativa,10.9,3,nao,cluster_oeste,1184.06
23,corporativa,8.5,1,nao,cluster_noroeste,1000.94
21,individual,6.9,0,nao,cluster_nordeste,944.04
51,individual,11.6,3,sim,cluster_nordeste,13171.43
25,corporativa,8.3,4,nao,cluster_noroeste,1585.83
32,corporativa,9.0,1,sim,cluster_sudeste,5741.51
57,corporativa,9.1,0,sim,cluster_nordeste,7841.16
36,individual,9.4,0,nao,cluster_noroeste,1696.21
22,corporativa,12.3,0,nao,cluster_oeste,691.13
57,corporativa,10.5,1,nao,cluster_noroeste,3564.64
64,individual,8.4,0,sim,cluster_noroeste,8432.68
36,individual,9.1,4,nao,cluster_sudeste,2248.27
54,corporativa,7.5,0,nao,cluster_nordeste,3138.42
47,corporativa,12.2,2,sim,cluster_sudeste,12596.74
62,corporativa,10.0,0,nao,cluster_nordeste,4015.4
61,individual,13.8,0,nao,cluster_oeste,3877.89
43,individual,6.3,2,sim,cluster_nordeste,5763.46
19,corporativa,8.0,1,nao,cluster_noroeste,842.04
18,individual,12.6,0,nao,cluster_sudeste,677.68
19,individual,7.0,0,nao,cluster_noroeste,812.85
49,corporativa,7.0,0,nao,cluster_nordeste,2652.88
60,corporativa,12.8,0,sim,cluster_sudeste,13848.6
26,corporativa,8.5,3,nao,cluster_nordeste,1525.16
49,corporativa,11.5,0,nao,cluster_sudeste,2495.22
60,individual,11.0,0,nao,cluster_oeste,3760.48
26,individual,9.2,2,nao,cluster_nordeste,1497.97
27,corporativa,10.2,3,nao,cluster_nordeste,1577.14
44,individual,10.1,1,nao,cluster_sudeste,2357.44
63,corporativa,12.4,3,nao,cluster_oeste,4467.62
32,individual,7.7,0,sim,cluster_oeste,5118.97
22,corporativa,8.8,1,nao,cluster_noroeste,958.93
18,corporativa,9.9,0,sim,cluster_nordeste,9665.15
59,individual,8.3,3,nao,cluster_noroeste,4247.16
44,individual,8.6,1,nao,cluster_oeste,2355.56
33,corporativa,7.7,2,nao,cluster_noroeste,1692.1
24,individual,10.6,0,nao,cluster_sudeste,912.53
43,individual,8.4,0,sim,cluster_noroeste,6316.81
45,corporativa,7.2,0,sim,cluster_nordeste,10039.42
61,individual,8.8,0,nao,cluster_oeste,3871.74
35,individual,10.7,1,nao,cluster_sudeste,1688.66
62,individual,7.8,0,nao,cluster_oeste,3986.31
62,individual,10.4,0,nao,cluster_oeste,3989.51
38,corporativa,9.7,1,nao,cluster_oeste,1756.71
34,corporativa,11.2,0,nao,cluster_noroeste,1429.72
43,corporativa,7.2,0,nao,cluster_oeste,1970.12
50,corporativa,10.0,2,nao,cluster_nordeste,7313.33
19,individual,7.3,2,nao,cluster_oeste,1035.8
57,individual,6.3,1,nao,cluster_oeste,3589.05
62,individual,12.2,0,nao,cluster_sudeste,3991.83
41,corporativa,10.7,1,nao,cluster_sudeste,1981.13
26,corporativa,14.5,1,nao,cluster_sudeste,1039.58
39,individual,10.2,1,nao,cluster_oeste,1966.72
46,corporativa,8.1,5,nao,cluster_oeste,3047.15
45,individual,11.0,0,nao,cluster_oeste,2277.48
32,corporativa,11.6,2,nao,cluster_sudeste,1528.55
59,individual,8.6,0,nao,cluster_oeste,3645.47
44,corporativa,9.3,2,nao,cluster_nordeste,9210.43
39,individual,7.6,5,nao,cluster_noroeste,2730.42
18,corporativa,8.2,2,nao,cluster_sudeste,865.12
53,corporativa,9.2,0,nao,cluster_sudeste,2876.54
18,corporativa,7.3,0,nao,cluster_sudeste,534.12
50,individual,14.4,1,nao,cluster_sudeste,2893.88
18,individual,12.6,0,nao,cluster_nordeste,840.89
19,corporativa,7.1,0,nao,cluster_noroeste,675.97
62,corporativa,12.5,0,nao,cluster_sudeste,3855.2
56,individual,11.2,1,nao,cluster_oeste,3488.76
42,corporativa,11.2,2,nao,cluster_oeste,2224.83
37,corporativa,10.7,1,sim,cluster_nordeste,11153.24
42,corporativa,9.8,0,nao,cluster_noroeste,2000.46
25,corporativa,9.3,3,sim,cluster_oeste,5801.37
57,corporativa,5.7,0,nao,cluster_nordeste,3449.76
51,corporativa,13.4,2,sim,cluster_sudeste,13509.61
30,individual,8.9,1,nao,cluster_noroeste,1487.61
44,corporativa,9.4,2,sim,cluster_oeste,11139.59
34,corporativa,8.7,1,sim,cluster_noroeste,5822.7
31,corporativa,12.3,1,nao,cluster_sudeste,1305.21
54,corporativa,9.6,1,sim,cluster_sudeste,11979.87
24,corporativa,8.4,1,nao,cluster_noroeste,3750.77
43,corporativa,10.9,1,sim,cluster_nordeste,11709.58
48,corporativa,11.5,1,nao,cluster_noroeste,8191.3
19,individual,12.4,1,nao,cluster_noroeste,984.43
29,individual,8.1,0,nao,cluster_oeste,1158.92
63,individual,11.0,1,nao,cluster_sudeste,4272.91
46,corporativa,7.7,3,nao,cluster_nordeste,2880.16
52,corporativa,11.5,2,nao,cluster_noroeste,7630.79
35,corporativa,8.5,1,nao,cluster_oeste,1548.98
51,corporativa,7.7,2,sim,cluster_noroeste,6930.87
44,corporativa,7.9,1,nao,cluster_noroeste,2325.05
21,corporativa,8.0,2,nao,cluster_nordeste,1138.36
39,individual,10.7,5,nao,cluster_sudeste,2627.11
50,individual,8.8,3,nao,cluster_sudeste,3216.74
34,individual,7.4,0,nao,cluster_nordeste,1617.87
22,individual,6.3,0,nao,cluster_noroeste,927.79
19,individual,12.7,0,nao,cluster_oeste,712.61
26,corporativa,11.1,0,nao,cluster_sudeste,870.33
29,corporativa,7.2,0,sim,cluster_nordeste,4738.85
48,corporativa,12.5,0,nao,cluster_sudeste,2405.16
26,corporativa,9.1,1,nao,cluster_sudeste,1032.81
45,individual,12.5,3,nao,cluster_nordeste,2937.31
36,individual,9.4,0,nao,cluster_sudeste,1588.93
54,corporativa,8.0,1,nao,cluster_nordeste,7364.79
34,corporativa,6.7,0,nao,cluster_nordeste,1480.09
31,corporativa,8.1,3,sim,cluster_oeste,5595.98
27,individual,9.6,1,nao,cluster_nordeste,4923.0
20,corporativa,9.4,5,nao,cluster_nordeste,1596.22
44,individual,8.1,1,nao,cluster_oeste,2354.9
43,corporativa,9.4,3,nao,cluster_noroeste,2574.81
45,individual,8.6,1,nao,cluster_noroeste,8155.25
34,corporativa,10.8,0,nao,cluster_nordeste,1485.27
24,individual,6.4,0,sim,cluster_nordeste,4300.13
26,individual,6.2,1,nao,cluster_oeste,1166.09
38,individual,8.7,2,nao,cluster_nordeste,2220.56
50,individual,9.9,2,nao,cluster_oeste,3053.16
38,corporativa,8.8,1,nao,cluster_sudeste,1755.65
27,individual,6.3,3,sim,cluster_noroeste,4817.74
39,individual,7.3,3,nao,cluster_nordeste,2456.21
39,individual,10.7,3,nao,cluster_oeste,2297.19
63,individual,11.5,0,nao,cluster_sudeste,4108.63
33,individual,11.3,3,nao,cluster_nordeste,2054.49
36,individual,8.4,0,nao,cluster_noroeste,1694.99
30,corporativa,7.2,2,sim,cluster_noroeste,5081.29
24,corporativa,10.2,0,sim,cluster_oeste,9872.4
24,corporativa,8.1,0,nao,cluster_oeste,772.43
48,corporativa,9.2,0,nao,cluster_oeste,6165.01
47,corporativa,6.0,1,nao,cluster_nordeste,2635.71
29,corporativa,9.9,2,nao,cluster_noroeste,1461.35
28,corporativa,9.1,2,nao,cluster_nordeste,1462.71
47,corporativa,8.8,3,sim,cluster_noroeste,7196.26
25,corporativa,7.8,2,nao,cluster_nordeste,6727.61
51,corporativa,8.7,1,nao,cluster_nordeste,3008.16
48,individual,7.1,0,nao,cluster_oeste,2535.33
43,corporativa,6.3,2,sim,cluster_sudeste,5474.97
61,individual,10.4,4,nao,cluster_sudeste,10462.48
48,corporativa,10.1,1,nao,cluster_noroeste,2674.27
38,individual,8.6,0,nao,cluster_oeste,1727.39
59,corporativa,8.0,0,nao,cluster_noroeste,3615.0
19,individual,7.7,1,nao,cluster_noroeste,978.59
26,individual,10.7,2,nao,cluster_oeste,1336.62
54,individual,11.2,3,nao,cluster_noroeste,3718.68
21,individual,10.2,2,nao,cluster_noroeste,7505.31
51,corporativa,11.6,0,nao,cluster_oeste,2683.61
22,individual,9.7,3,sim,cluster_sudeste,10186.77
47,corporativa,11.3,1,sim,cluster_sudeste,12039.12
18,corporativa,7.3,1,nao,cluster_sudeste,699.09
47,individual,14.2,1,nao,cluster_sudeste,2619.56
21,individual,10.8,0,nao,cluster_oeste,785.65
19,corporativa,8.1,1,sim,cluster_noroeste,4826.25
23,corporativa,5.8,0,nao,cluster_noroeste,6266.71
54,corporativa,9.9,0,nao,cluster_oeste,2978.12
37,individual,5.4,2,nao,cluster_nordeste,2145.83
46,individual,7.4,1,sim,cluster_noroeste,6289.64
55,individual,11.0,0,sim,cluster_sudeste,12658.66
30,individual,8.7,0,nao,cluster_nordeste,1378.51
18,corporativa,6.7,0,sim,cluster_nordeste,4069.4
61,corporativa,12.0,0,nao,cluster_noroeste,3846.02
54,individual,7.2,3,nao,cluster_oeste,3606.45
22,corporativa,11.6,2,sim,cluster_sudeste,10715.65
45,individual,9.5,1,sim,cluster_noroeste,11343.15
22,corporativa,9.0,0,nao,cluster_nordeste,850.23
19,corporativa,8.5,2,nao,cluster_noroeste,6518.22
35,individual,8.8,0,sim,cluster_noroeste,5885.76
18,corporativa,7.2,0,nao,cluster_nordeste,697.32
20,corporativa,9.6,0,sim,cluster_nordeste,9593.23
28,individual,8.1,0,nao,cluster_oeste,1105.21
55,corporativa,11.0,1,nao,cluster_nordeste,3410.34
43,individual,7.7,2,sim,cluster_noroeste,6346.63
43,individual,7.8,0,nao,cluster_nordeste,2271.01
22,corporativa,16.4,1,sim,cluster_sudeste,12680.39
25,individual,7.0,1,nao,cluster_noroeste,1226.37
49,corporativa,9.7,0,sim,cluster_oeste,11343.73
44,individual,11.5,1,nao,cluster_noroeste,2466.48
64,corporativa,8.3,0,nao,cluster_nordeste,4250.48
49,corporativa,9.3,1,nao,cluster_nordeste,2820.65
47,corporativa,9.3,3,sim,cluster_oeste,7306.66
27,individual,6.7,0,nao,cluster_noroeste,1158.97
55,corporativa,8.6,0,nao,cluster_noroeste,3186.46
48,individual,9.0,0,nao,cluster_oeste,2537.71
45,individual,9.9,0,nao,cluster_sudeste,5240.2
24,individual,12.3,0,nao,cluster_sudeste,914.67
32,corporativa,10.6,1,nao,cluster_noroeste,1469.56
24,corporativa,10.0,0,nao,cluster_sudeste,774.84
57,corporativa,8.7,1,nao,cluster_sudeste,3455.18
59,corporativa,12.9,1,sim,cluster_sudeste,13931.67
36,corporativa,8.9,3,nao,cluster_noroeste,2053.49
29,individual,8.0,4,nao,cluster_oeste,1818.48
42,individual,7.9,1,nao,cluster_oeste,2192.74
48,corporativa,11.7,2,nao,cluster_sudeste,2733.89
39,corporativa,13.3,0,nao,cluster_nordeste,1832.08
63,corporativa,6.8,1,nao,cluster_noroeste,4237.96
54,individual,10.0,1,nao,cluster_sudeste,3280.08
37,corporativa,11.6,1,sim,cluster_sudeste,11384.08
63,corporativa,9.8,0,nao,cluster_nordeste,4132.85
21,corporativa,9.8,0,nao,cluster_noroeste,754.67
54,individual,9.0,2,nao,cluster_nordeste,3607.06
60,individual,5.7,0,nao,cluster_nordeste,3917.2
32,individual,9.2,1,nao,cluster_sudeste,1497.6
47,individual,10.0,1,nao,cluster_oeste,2614.38
21,corporativa,8.1,0,nao,cluster_nordeste,808.63
28,corporativa,9.9,0,sim,cluster_sudeste,9928.2
63,corporativa,10.5,3,nao,cluster_sudeste,4465.23
18,corporativa,6.8,2,nao,cluster_sudeste,3547.53
32,corporativa,8.7,1,nao,cluster_noroeste,1467.23
38,corporativa,6.2,1,nao,cluster_noroeste,1859.65
32,corporativa,9.8,1,nao,cluster_oeste,1361.42
62,individual,9.5,2,nao,cluster_noroeste,4425.53
39,individual,5.7,5,sim,cluster_oeste,5546.51
55,corporativa,9.1,0,nao,cluster_nordeste,3242.98
57,corporativa,9.9,0,nao,cluster_noroeste,3398.9
52,corporativa,14.9,1,nao,cluster_sudeste,2949.69
56,corporativa,6.9,0,nao,cluster_oeste,3181.58
47,corporativa,11.3,0,sim,cluster_sudeste,11889.3
55,individual,9.3,0,nao,cluster_nordeste,3380.23
23,corporativa,10.2,3,nao,cluster_oeste,1225.61
22,individual,9.5,0,sim,cluster_noroeste,9714.11
50,individual,10.5,4,nao,cluster_oeste,3383.82
18,individual,9.8,4,nao,cluster_nordeste,1497.13
51,individual,10.9,2,sim,cluster_nordeste,12719.54
22,corporativa,10.6,0,nao,cluster_sudeste,688.9
52,individual,9.6,0,nao,cluster_nordeste,6672.76
25,individual,10.6,1,nao,cluster_sudeste,1123.59
33,individual,6.0,2,sim,cluster_nordeste,4917.37
53,corporativa,8.9,3,nao,cluster_oeste,3370.96
29,corporativa,12.2,1,nao,cluster_sudeste,1191.99
58,corporativa,11.3,0,nao,cluster_sudeste,3401.72
37,corporativa,9.3,0,nao,cluster_oeste,5937.77
54,individual,9.8,0,nao,cluster_sudeste,3114.9
49,individual,9.4,0,nao,cluster_noroeste,2736.68
50,individual,8.2,2,nao,cluster_noroeste,3158.3
26,corporativa,9.4,1,nao,cluster_oeste,1033.14
45,corporativa,6.4,3,nao,cluster_sudeste,2629.5
54,individual,10.1,1,nao,cluster_nordeste,3443.47
38,corporativa,12.0,3,sim,cluster_sudeste,11965.79
48,individual,8.1,3,sim,cluster_sudeste,6990.66
28,individual,8.2,3,nao,cluster_noroeste,1707.41
23,corporativa,7.7,0,nao,cluster_nordeste,890.91
55,corporativa,10.2,1,nao,cluster_sudeste,3246.1
41,corporativa,9.3,5,nao,cluster_nordeste,2802.27
25,corporativa,10.4,2,sim,cluster_sudeste,10334.88
33,corporativa,11.2,1,sim,cluster_sudeste,10939.17
30,individual,6.2,3,nao,cluster_noroeste,1814.16
23,individual,9.8,0,sim,cluster_oeste,9786.56
46,corporativa,11.9,2,nao,cluster_sudeste,2557.21
53,individual,11.5,3,sim,cluster_noroeste,13285.2
27,individual,10.1,1,nao,cluster_nordeste,5512.98
23,individual,13.4,1,sim,cluster_nordeste,11673.18
63,individual,7.8,0,nao,cluster_noroeste,4211.29
55,corporativa,9.3,0,nao,cluster_oeste,3080.1
35,individual,11.2,2,nao,cluster_sudeste,1854.23
34,corporativa,10.2,1,nao,cluster_oeste,4240.34
19,individual,5.8,0,nao,cluster_oeste,704.09
39,individual,7.5,5,nao,cluster_sudeste,2623.04
27,corporativa,14.3,2,nao,cluster_oeste,1254.16
57,corporativa,12.6,0,nao,cluster_nordeste,6018.53
52,individual,5.7,0,nao,cluster_noroeste,3017.49
28,corporativa,10.6,0,nao,cluster_noroeste,5728.53
50,individual,8.8,3,nao,cluster_noroeste,3323.96
44,individual,7.8,1,nao,cluster_oeste,2354.59
26,individual,6.9,0,nao,cluster_noroeste,1109.36
33,corporativa,9.5,0,nao,cluster_sudeste,1257.22
19,individual,10.2,0,sim,cluster_noroeste,10551.65
50,corporativa,11.6,1,nao,cluster_sudeste,2753.45
41,individual,10.2,3,nao,cluster_oeste,2447.26
52,individual,7.8,0,nao,cluster_sudeste,7813.04
39,corporativa,10.1,2,nao,cluster_sudeste,1994.66
50,corporativa,10.1,2,nao,cluster_oeste,2916.51
52,corporativa,10.2,3,nao,cluster_noroeste,3380.95
60,corporativa,10.2,0,sim,cluster_oeste,14945.43
20,individual,10.0,0,nao,cluster_noroeste,853.24
55,corporativa,6.7,1,nao,cluster_oeste,3241.75
42,corporativa,10.7,0,nao,cluster_oeste,1894.32
18,individual,9.5,0,nao,cluster_nordeste,837.05
58,individual,11.4,0,nao,cluster_noroeste,3646.03
43,individual,10.2,3,sim,cluster_sudeste,11683.56
35,individual,11.2,1,nao,cluster_noroeste,1796.53
48,individual,8.7,4,nao,cluster_noroeste,3304.25
36,individual,6.9,3,nao,cluster_nordeste,2243.9
19,corporativa,14.0,0,sim,cluster_sudeste,11342.37
23,individual,7.2,2,nao,cluster_noroeste,4259.3
20,individual,9.6,0,nao,cluster_nordeste,908.72
32,individual,12.8,0,nao,cluster_oeste,1337.16
43,individual,10.8,1,nao,cluster_noroeste,2383.63
34,corporativa,13.2,2,nao,cluster_sudeste,1654.77
30,corporativa,12.1,1,nao,cluster_sudeste,5529.69
18,individual,8.8,0,nao,cluster_nordeste,836.23
41,individual,8.8,1,nao,cluster_noroeste,2223.0
35,individual,8.2,0,nao,cluster_nordeste,1683.84
57,corporativa,12.6,0,nao,cluster_sudeste,3295.1
29,individual,7.7,2,nao,cluster_oeste,1488.25
32,corporativa,11.0,2,nao,cluster_oeste,1527.78
37,individual,10.7,1,nao,cluster_noroeste,1931.46
18,corporativa,8.5,1,sim,cluster_nordeste,5030.03
43,individual,8.3,2,sim,cluster_oeste,6514.01
56,individual,13.1,0,nao,cluster_sudeste,3326.21
38,corporativa,9.1,2,nao,cluster_noroeste,2028.2
29,corporativa,10.0,2,nao,cluster_noroeste,1461.5
22,individual,8.5,0,nao,cluster_oeste,823.22
52,individual,7.5,1,sim,cluster_noroeste,6908.55
40,individual,8.6,1,nao,cluster_oeste,2039.13
23,individual,10.9,0,nao,cluster_nordeste,1031.86
31,corporativa,9.3,0,sim,cluster_sudeste,5638.1
42,individual,12.9,1,nao,cluster_nordeste,2362.22
24,individual,9.4,0,nao,cluster_noroeste,1018.19
25,individual,9.5,0,nao,cluster_oeste,957.24
48,individual,8.5,1,nao,cluster_nordeste,2865.27
23,individual,8.9,1,sim,cluster_sudeste,5351.91
45,corporativa,7.4,2,nao,cluster_nordeste,2629.07
20,corporativa,11.1,3,sim,cluster_noroeste,10710.3
62,individual,10.2,0,nao,cluster_noroeste,4096.54
43,individual,7.9,1,sim,cluster_nordeste,6315.98
23,individual,8.8,0,nao,cluster_oeste,3895.47
31,individual,10.2,2,nao,cluster_noroeste,1711.67
41,individual,6.8,1,nao,cluster_nordeste,4063.13
58,individual,10.1,1,nao,cluster_nordeste,3865.37
48,individual,11.4,0,nao,cluster_noroeste,2647.93
31,individual,6.8,0,nao,cluster_noroeste,1377.54
19,individual,8.7,3,nao,cluster_noroeste,5494.84
19,individual,9.4,0,sim,cluster_noroeste,9546.11
41,corporativa,10.5,0,nao,cluster_sudeste,1815.95
40,corporativa,9.2,1,nao,cluster_noroeste,2010.21
31,individual,8.1,2,nao,cluster_oeste,1601.72
37,corporativa,7.6,2,nao,cluster_noroeste,1955.65
46,corporativa,12.6,2,nao,cluster_noroeste,2665.3
22,corporativa,10.0,0,nao,cluster_noroeste,795.49
51,corporativa,10.1,1,nao,cluster_nordeste,3009.94
18,individual,8.5,3,sim,cluster_sudeste,5322.57
35,corporativa,5.6,1,nao,cluster_noroeste,1652.62
59,individual,10.9,2,nao,cluster_oeste,10554.97
36,corporativa,10.4,2,sim,cluster_oeste,10976.33
37,individual,8.0,1,sim,cluster_nordeste,5903.12
59,corporativa,11.6,1,nao,cluster_oeste,3677.21
36,corporativa,9.6,1,nao,cluster_noroeste,1724.54
39,corporativa,10.7,2,nao,cluster_sudeste,6817.64
18,corporativa,6.7,0,nao,cluster_nordeste,696.69
52,individual,10.4,2,nao,cluster_oeste,3245.91
27,individual,9.8,1,nao,cluster_noroeste,1327.7
18,corporativa,12.2,0,nao,cluster_nordeste,3829.22
40,corporativa,7.8,0,nao,cluster_sudeste,1736.39
29,corporativa,11.7,2,nao,cluster_sudeste,1356.27
46,individual,10.8,1,sim,cluster_oeste,11885.25
38,individual,9.4,3,nao,cluster_noroeste,2330.41
30,individual,6.9,1,nao,cluster_nordeste,1541.1
40,corporativa,7.8,2,nao,cluster_sudeste,2066.18
50,corporativa,7.9,0,nao,cluster_sudeste,2583.95
20,individual,7.6,0,sim,cluster_sudeste,7535.19
41,corporativa,7.5,1,nao,cluster_nordeste,2140.37
33,individual,12.4,1,nao,cluster_sudeste,1562.78
38,corporativa,5.3,2,nao,cluster_nordeste,2079.35
42,corporativa,11.6,2,nao,cluster_sudeste,2225.36
56,corporativa,10.8,0,nao,cluster_sudeste,3186.38
58,corporativa,9.5,0,nao,cluster_nordeste,3562.71
52,corporativa,10.8,3,sim,cluster_noroeste,17025.99
20,individual,6.8,0,sim,cluster_oeste,5866.85
54,individual,7.7,3,nao,cluster_noroeste,3714.32
58,corporativa,7.3,0,nao,cluster_oeste,3396.75
45,individual,8.7,2,nao,cluster_sudeste,2604.41
26,corporativa,9.7,0,nao,cluster_noroeste,975.88
63,individual,6.8,0,nao,cluster_nordeste,4265.96
58,individual,8.8,0,nao,cluster_noroeste,3642.82
37,corporativa,7.1,3,nao,cluster_nordeste,2175.94
25,individual,13.2,1,nao,cluster_sudeste,1126.76
52,corporativa,13.1,2,sim,cluster_sudeste,13455.56
64,corporativa,11.5,2,sim,cluster_sudeste,14101.75
22,individual,6.6,3,nao,cluster_noroeste,1422.96
28,individual,10.3,0,nao,cluster_sudeste,1108.05
18,corporativa,10.4,0,nao,cluster_sudeste,538.06
28,corporativa,7.6,5,nao,cluster_oeste,1792.3
45,individual,8.0,3,nao,cluster_oeste,2768.5
33,corporativa,9.2,4,nao,cluster_oeste,1916.57
18,individual,12.4,0,nao,cluster_sudeste,677.51
32,corporativa,10.5,1,sim,cluster_nordeste,10750.11
24,corporativa,9.3,0,sim,cluster_nordeste,5441.56
19,corporativa,6.2,0,nao,cluster_oeste,567.64
20,corporativa,8.5,0,sim,cluster_oeste,4765.2
40,individual,9.2,4,nao,cluster_oeste,4652.07
34,individual,8.7,0,nao,cluster_sudeste,1456.24
42,individual,11.8,0,nao,cluster_oeste,2032.72
51,individual,11.4,3,nao,cluster_noroeste,3422.29
54,individual,8.6,1,nao,cluster_noroeste,3385.66
55,corporativa,11.8,3,nao,cluster_noroeste,8637.8
52,individual,7.2,0,nao,cluster_nordeste,3075.38
32,individual,6.4,0,nao,cluster_nordeste,1492.39
28,corporativa,11.6,1,nao,cluster_oeste,1137.61
41,individual,8.8,1,nao,cluster_sudeste,2115.65
43,individual,9.3,1,nao,cluster_oeste,2274.57
49,individual,10.4,2,nao,cluster_nordeste,3123.86
64,corporativa,7.4,0,sim,cluster_sudeste,7759.42
55,individual,9.5,0,nao,cluster_oeste,3217.25
24,corporativa,9.7,0,sim,cluster_nordeste,9811.13
20,individual,10.4,0,nao,cluster_oeste,746.54
45,corporativa,8.6,3,nao,cluster_oeste,2632.28
26,corporativa,10.6,1,nao,cluster_noroeste,1141.91
25,individual,10.8,0,nao,cluster_noroeste,1066.11
43,corporativa,8.0,5,nao,cluster_sudeste,4273.93
35,corporativa,8.6,1,nao,cluster_sudeste,1549.17
26,corporativa,8.5,0,sim,cluster_sudeste,4992.14
57,corporativa,7.4,0,nao,cluster_oeste,3288.61
22,individual,9.5,0,nao,cluster_nordeste,987.75
32,individual,9.3,0,nao,cluster_noroeste,1439.97
39,corporativa,9.4,1,sim,cluster_nordeste,6509.37
25,individual,8.4,2,nao,cluster_noroeste,1392.95
48,individual,10.4,0,nao,cluster_sudeste,2539.43
47,individual,8.6,2,sim,cluster_noroeste,7090.0
18,individual,6.8,0,sim,cluster_nordeste,4219.37
18,corporativa,9.4,1,nao,cluster_sudeste,701.7
61,corporativa,11.3,1,sim,cluster_oeste,13493.09
47,individual,7.6,0,nao,cluster_nordeste,2609.71
28,individual,5.4,0,nao,cluster_nordeste,1265.14
36,individual,8.1,1,nao,cluster_oeste,1752.29
20,corporativa,12.3,2,sim,cluster_oeste,10956.48
44,corporativa,10.7,1,nao,cluster_sudeste,2221.29
38,individual,6.2,2,nao,cluster_nordeste,2217.49
19,corporativa,10.9,0,sim,cluster_oeste,9972.02
21,corporativa,7.3,0,nao,cluster_sudeste,644.3
46,corporativa,8.0,3,nao,cluster_noroeste,2824.53
58,corporativa,7.9,0,nao,cluster_nordeste,3560.72
20,corporativa,6.9,1,nao,cluster_oeste,770.14
18,corporativa,8.2,0,nao,cluster_nordeste,698.5
28,individual,8.3,2,nao,cluster_sudeste,1435.32
33,corporativa,8.6,2,nao,cluster_noroeste,1693.21
19,individual,8.0,1,nao,cluster_noroeste,979.03
45,corporativa,9.5,0,sim,cluster_sudeste,17746.0
62,corporativa,9.6,3,sim,cluster_noroeste,13301.09
25,individual,6.5,1,nao,cluster_oeste,1118.46
43,corporativa,8.7,0,sim,cluster_oeste,10812.32
42,corporativa,7.7,2,sim,cluster_nordeste,6172.63
24,individual,8.7,0,nao,cluster_sudeste,910.09
29,individual,6.8,0,sim,cluster_nordeste,4732.29
32,corporativa,8.8,4,sim,cluster_noroeste,6232.29
25,individual,9.4,0,sim,cluster_oeste,9712.18
41,corporativa,10.1,2,nao,cluster_oeste,2145.27
42,corporativa,8.2,1,nao,cluster_noroeste,2163.45
33,individual,8.3,0,nao,cluster_noroeste,1500.0
34,corporativa,13.4,1,nao,cluster_oeste,1490.15
19,individual,10.8,2,sim,cluster_oeste,10411.32
30,individual,7.4,3,sim,cluster_noroeste,5474.45
18,corporativa,8.8,1,nao,cluster_nordeste,3376.25
19,individual,6.4,0,nao,cluster_oeste,704.87
18,corporativa,16.6,0,nao,cluster_sudeste,545.77
35,corporativa,12.4,4,nao,cluster_nordeste,5679.08
39,individual,8.2,2,nao,cluster_noroeste,2236.48
31,corporativa,9.7,3,nao,cluster_noroeste,1739.01
62,corporativa,8.3,0,sim,cluster_nordeste,8088.37
62,corporativa,12.1,0,nao,cluster_sudeste,3854.78
42,individual,12.6,2,sim,cluster_sudeste,12510.99
31,corporativa,8.1,1,nao,cluster_noroeste,1407.17
61,corporativa,10.5,0,nao,cluster_nordeste,3900.13
42,individual,10.3,0,nao,cluster_nordeste,2194.01
51,corporativa,9.4,1,nao,cluster_sudeste,2845.81
23,individual,7.6,2,nao,cluster_nordeste,6490.81
52,corporativa,12.1,2,nao,cluster_oeste,3111.06
57,individual,8.0,2,nao,cluster_sudeste,3756.17
23,individual,10.4,0,nao,cluster_oeste,3242.86
52,individual,14.0,3,nao,cluster_oeste,3415.27
50,corporativa,9.7,3,nao,cluster_noroeste,3188.15
18,individual,10.0,0,nao,cluster_nordeste,837.67
18,individual,11.5,0,nao,cluster_sudeste,676.35
21,individual,8.1,0,nao,cluster_oeste,782.22
61,individual,9.1,0,sim,cluster_noroeste,8379.58
